<?xml version="1.0" encoding="UTF-8"?>
<project-private xmlns="http://www.netbeans.org/ns/project-private/1">
    <editor-bookmarks xmlns="http://www.netbeans.org/ns/editor-bookmarks/2" lastBookmarkId="0"/>
    <open-files xmlns="http://www.netbeans.org/ns/projectui-open-files/2">
        <group>
            <file>file:/C:/Users/DAW1/Documents/NetBeansProjects/parteAccidente/web/mostrarListado.jsp</file>
            <file>file:/C:/Users/DAW1/Documents/NetBeansProjects/parteAccidente/web/index.html</file>
            <file>file:/C:/Users/DAW1/Documents/NetBeansProjects/parteAccidente/web/formulario.jsp</file>
            <file>file:/C:/Users/DAW1/Documents/NetBeansProjects/parteAccidente/src/java/Servlets/masPartes.java</file>
            <file>file:/C:/Users/DAW1/Documents/NetBeansProjects/parteAccidente/src/java/modelo/partes.java</file>
        </group>
    </open-files>
</project-private>
